search_source,count_num
21世纪报电子报采集,64
21世纪网——宏观,23
21世纪网——财经,47
21世纪网——首页,17
FT中文网,204
i黑马,8
news.baidu.com,115386
上交所图片新闻,48
上交所热点动态,156
上交所监管动态,20
东方财富——公司聚焦,885
东方财富——要闻精华,140
中国产业经济信息网,289
中国基金报采集,41
中国政府网-政策,74
中国政府网-新闻发布,27
中国经济导报采集,4
中国经济时报采集,4
中国经济网——产经观察,27
中国经济网——公司观察,91
中国经济网——热点聚焦,1
中国经营报——TMT\能源\快消|地产,98
中国经营网,111
中国证券报电子版 A7 A8,3
中国证券报采集,8
中国证券网—产经,173
中国证券网—公司新闻,44
中国证券网—公司深度,30
中国财经,214
中金在线	,145
云掌财经——上市公司,135
交通运输部——交通要闻,35
交通运输部——地方动态,56
人民日报国际金融网——公司,82
人民日报采集,9
人社部-新闻,6
住房和城乡建设部——地方动态,29
住房和城乡建设部——行业动态,25
光明日报采集,26
公安部——公安要闻,174
农业农村发展部——最新公开,366
农业农村发展部——直播访谈,126
农业农村发展部——部门动态,45
北京商报——产经,38
北京商报——商经,35
北京商报——国际财经,38
北京商报——文化,37
北京商报——旅游,38
北京商报——金融市场,341
北京商报网——上市公司,96
北京商报采集,53
华夏时报网,29
南方财富网——财经要闻,103
发改委——委工作动态,20
发改委——政策发布中心,27
发改委——新闻发布,22
发改委——经济形势分析,21
同花顺——产经新闻,121
同花顺——公司资讯,34
同花顺——财经要闻,54
商务部-新闻发布,80
国家国防科技工业局——军民融合,93
国家国防科技工业局——工作要闻,1
国家国防科技工业局——装备建设,82
国家外汇管理局——外汇新闻,38
国家市场监督管理总局-新闻发布,28
国家广播电视总局——发言人说,1
国家广播电视总局——总局要闻,68
国家统计局——新闻发布会,137
国家统计局——最新发布,28
国资委-国资报告,308
国资委-地方扫描,535
国资委-媒体观察,88
国资委-新闻,323
国防部-权威发布—要闻,54
国际金融报采集,13
外交部-发言人表态,25
外交部-外交部长活动,43
外交部-新闻,257
大众证券网——首页,97
央广经济之声,166
央视财经,113
工信部-信息公开,130
工信部-图片新闻,156
工信部-新闻动态,14
投资时报——上市公司,28
投资时报——新派地产,20
投资时报——机构投资,15
投资时报——首页,11
投资有道-杂志,40
投资有道——IPO专栏,43
投资有道——曝光台,62
投资有道——财道,29
投资有道——非常道,11
投资界——投资事件表,24
投资者网——上市公司研究,1
投资者网——人物,1
投资者网——精选,1
投资者网——聚焦资本圈,1
教育部-教育要闻,18
教育部——发布会,32
教育部——最新文件,231
文化旅游部-政策解读,30
文化旅游部-焦点新闻,44
新京报采集,56
新华网——首页,75
新浪财经——要闻,140
新财富——首页,4
时代周报——TIME NEWS,32
时代周报——公司,35
时代周报——地产,36
时代周报——大健康,24
时代周报——快消,183
时代周报——汽车,38
时代周报——科技,52
时代周报——财经,39
每经网,44
海关总署-新闻发言人,103
深交所要闻,55
深交所通知公告,217
澎湃财经——首页,125
环球老虎财经,1
环球财经——首页,132
理财周刊网,69
生态环境部——环境要闻,63
瞭望东方周刊,1
科技部-信息公开,47
科技部-媒体聚焦,33
科技部-工作,20
科技部-新闻发布会,13
科技部-时政要闻,3
科技部-科技动态,21
税务总局-新闻发布,54
第一财经——头条,52
第一财经周刊,52
红周刊——专家论市,2
经济参考报——互联网+,1
经济参考报——经参调查,1
经济参考报采集,19
经济参考网——头条要闻,51
经济日报采集,16
经济网（中国经济周刊）——宏观,84
经理人杂志,25
自然资源部——地方动态,21
自然资源部——媒体声音,21
自然资源部——评论,100
自然资源部——部委动态,66
英才杂志,29
观察者网——产经,89
观察者网——财经,116
证券业协会行业动态,76
证券市场周刊,69
证券日报采集,935
证券时报e公司——推荐,46
证券时报网——公司,113
证券时报网——数据新闻,46
证券时报网——时报观察,10
证券时报网——板块,43
证券时报网——深度报道,48
证券时报网——舆情频道,54
证券时报采集,564
证监会-信息公开,1
证监会-新闻发布,38
财政部-政策发布,22
财政部-政策解读,22
财政部-财政数据,52
财政部-财经视点,39
财新周刊,676
财新网——公司,204
财新网——要闻,93
财联社,32
路透中文网,135
金融时报采集,6
金融界——今日财经要闻,154
银监会-最新更新,1
